epoch,time,train/box_loss,train/seg_loss,train/cls_loss,train/dfl_loss,train/sem_loss,metrics/precision(B),metrics/recall(B),metrics/mAP50(B),metrics/mAP50-95(B),metrics/precision(M),metrics/recall(M),metrics/mAP50(M),metrics/mAP50-95(M),val/box_loss,val/seg_loss,val/cls_loss,val/dfl_loss,val/sem_loss,lr/pg0,lr/pg1,lr/pg2
1,394.329,4.44254,4.47087,2.97868,1.155,0,0.14146,0.10462,0.05065,0.01364,0.17234,0.14991,0.06967,0.02219,4.54069,4.10803,2.43268,1.03207,0,0.000554424,0.000554424,0.000554424
2,767.041,4.39933,3.97674,2.40988,0.99118,0,0.18034,0.10882,0.07366,0.02365,0.18604,0.12612,0.06875,0.02389,4.45076,3.93333,2.28533,0.93324,0,0.00074376,0.00074376,0.00074376
3,1133.13,4.32843,3.88683,2.25623,0.95887,0,0.20288,0.13182,0.08642,0.03412,0.19043,0.1825,0.10065,0.03782,4.29506,3.69763,2.15913,0.93097,0,0.000566357,0.000566357,0.000566357
